title,company,location,date_posted
Data Analyst,Foodsmart,ğŸ‡ºğŸ‡¸ United States,2025-05-21T00:00:09+00:00
Testing Engineer,Trial Library,"San Francisco, CA",2025-05-14T00:00:07+00:00
Werkstudent im Bereich SAP & Cloud Automation,Public Cloud Group,Alle,2025-05-12T16:00:04+00:00
Senior Data Analytics Engineer,Fullscript,ğŸŒ Probably worldwide,2025-05-10T21:00:03+00:00
Senior Software Engineer,Nava,ğŸŒ Worldwide,2025-05-07T08:00:03+00:00
Backend Software Engineer,Firework,ğŸ‡¨ğŸ‡¦ Canada,2025-05-06T00:00:22+00:00
Workflow Engineer,Serotonin,ğŸŒ Probably worldwide,2025-05-01T09:00:01+00:00
Software Engineer Data,Gauntlet,ğŸŒ Worldwide,2025-04-23T10:00:17+00:00
Senior React Full stack Developer,Lemon.io,ğŸ‡ªğŸ‡º Europe,2025-04-22T10:17:31+00:00
Senior Software Developer HPC Cluster Management,2100 NVIDIA USA,ğŸ‡ºğŸ‡¸ United States,2025-04-20T16:00:05+00:00
Principal Software Engineer,Shippo,ğŸ‡ºğŸ‡¸ United States,2025-04-19T13:00:02+00:00
Analytics Manager,Serotonin,ğŸŒ Probably worldwide,2025-04-09T13:00:04+00:00
Data Science Intern,Portcast,ğŸŒ Probably worldwide,2025-04-01T08:00:02+00:00
Full Stack Developer Intern,Portcast,ğŸŒ Probably worldwide,2025-04-01T07:00:02+00:00
Lead Machine Learning Engineer,Wizard,ğŸ‡ºğŸ‡¸ United States,2025-03-29T13:00:11+00:00
Senior Data Engineer,AllTrails,San Francisco,2025-03-29T08:00:42+00:00
OTC Trader Portugal,Anchorage Digital,ğŸ‡µğŸ‡¹ Portugal,2025-03-27T16:00:07+00:00
Machine Learning Implementation Engineer,OfferFit,ğŸ‡ºğŸ‡¸ United States,2025-03-24T18:00:02+00:00
Data Engineer,HighLevel,Delhi,2025-03-22T08:00:03+00:00
Python Developer,Eqvilent,ğŸŒ Probably worldwide,2025-03-18T15:00:03+00:00
